1,John Doe,2024-10-01,2024-10-05,Single,500
2,Jane Smith,2024-10-02,2024-10-06,Double,800
3,Michael Johnson,2024-10-03,2024-10-04,Suite,1200
4,Emily Davis,2024-10-10,2024-10-15,Single,600
5,Chris Lee,2024-10-05,2024-10-10,Double,900
6,Kate Wilson,2024-10-11,2024-10-12,Suite,1300
7,David Brown,2024-10-06,2024-10-07,Single,450
8,Susan Green,2024-10-12,2024-10-14,Double,750
9,Robert Clark,2024-10-09,2024-10-11,Suite,1000
10,Linda Lewis,2024-10-08,2024-10-13,Single,550
11,William White,2024-10-01,2024-10-03,Double,700
12,Jessica Martin,2024-10-02,2024-10-07,Suite,1350
13,Matthew Garcia,2024-10-04,2024-10-08,Single,500
14,Amy Martinez,2024-10-06,2024-10-10,Double,850
15,Andrew Hernandez,2024-10-10,2024-10-14,Suite,1250
16,Patricia Young,2024-10-11,2024-10-13,Single,480
17,James Allen,2024-10-12,2024-10-14,Double,780
18,Nancy King,2024-10-03,2024-10-05,Suite,1150
19,Daniel Scott,2024-10-07,2024-10-09,Single,550
20,Barbara Adams,2024-10-01,2024-10-06,Double,950
21,Paul Nelson,2024-10-05,2024-10-07,Suite,1400
22,Susan Carter,2024-10-07,2024-10-09,Single,470
23,Mark Perez,2024-10-09,2024-10-13,Double,780
24,Rachel Robinson,2024-10-02,2024-10-04,Suite,1200
25,Kathy Wright,2024-10-03,2024-10-08,Single,510
26,Thomas Green,2024-10-06,2024-10-09,Double,820
27,Jessica Hall,2024-10-11,2024-10-12,Suite,1100
28,Jonathan Evans,2024-10-04,2024-10-05,Single,480
29,Lisa Collins,2024-10-08,2024-10-10,Double,790
30,Kevin Turner,2024-10-01,2024-10-04,Suite,1250
31,Grace Mitchell,2024-10-05,2024-10-06,Single,460
32,Chloe Perez,2024-10-02,2024-10-05,Double,730
33,Elena Lee,2024-10-07,2024-10-10,Suite,1350
34,Matthew Clark,2024-10-09,2024-10-12,Single,520
35,Lauren Hall,2024-10-10,2024-10-13,Double,860
36,Jason Lewis,2024-10-06,2024-10-08,Suite,1250
37,Charlotte Young,2024-10-01,2024-10-02,Single,450
38,Benjamin Harris,2024-10-03,2024-10-06,Double,800
39,Amanda Robinson,2024-10-05,2024-10-09,Suite,1300
40,Daniel Walker,2024-10-06,2024-10-10,Single,570
41,Emily Young,2024-10-07,2024-10-08,Double,750
42,Lily Adams,2024-10-02,2024-10-03,Suite,1200
43,Michael Wright,2024-10-08,2024-10-12,Single,540
44,Jack Smith,2024-10-01,2024-10-04,Double,730
45,Elizabeth Green,2024-10-04,2024-10-06,Suite,1250
46,Samuel Allen,2024-10-05,2024-10-07,Single,460
47,Olivia Walker,2024-10-07,2024-10-10,Double,800
48,Lucas Martin,2024-10-03,2024-10-06,Suite,1400
49,Nina Garcia,2024-10-08,2024-10-10,Single,520
50,Henry Robinson,2024-10-01,2024-10-06,Double,850
